<?xml version="1.0" encoding="UTF-8"?>
<SAP><type>SAP object rules</type><version>1.1</version><timestamp>2020-11-19 16:33:59</timestamp><rules><rule id="1"><directories><name>C:/Windows/</name></directories><permissions>w</permissions><action>3</action><contexts><context><system>PRD</system><network></network><client>300</client><transaction>ZF110A</transaction><dynpro_name>ZSAPF110VA</dynpro_name><dynpro_num>0501</dynpro_num><permissions>w</permissions><action>0</action></context></contexts></rule><rule id="2"><directories><name>C:/Windows/</name></directories><permissions>w</permissions><action>3</action><contexts><context><system>PRD</system><network></network><client>300</client><transaction>ZF110</transaction><dynpro_name>ZSAPF110V</dynpro_name><dynpro_num>0501</dynpro_num><permissions>w</permissions><action>0</action></context></contexts></rule></rules></SAP>
