<?xml version="1.0" encoding="UTF-8"?>
<Landscape updated="2021-06-28T14:23:26Z" version="1" generator="SAP GUI for Windows v7600.1.1.148"><Workspaces><Workspace uuid="34fa19d5-dd25-4277-986c-3edaf0b0d53b" name="Local"><Item uuid="ffc08254-91fd-43e6-bcbe-a8efe6aba68d" serviceid="ebdeefe5-ed13-440e-85ac-b48f66055947"/><Item uuid="831239ff-9d66-453d-9aba-1d7477598b49" serviceid="be2857a8-11e0-45cd-bee6-efe63bc6824f"/><Item uuid="a55de2bb-0ff2-42ac-92e2-0a879c532436" serviceid="bb589079-b10f-42c3-8ca4-d42143869a62"/><Item uuid="08ac2fb8-5420-43fa-a1fe-0ce50d8481d2" serviceid="264196cc-02d0-4d9b-85d3-e6e60dc53b3d"/><Item uuid="d3e88b85-2a5e-444e-8ed2-aee0edc6fd28" serviceid="2edaa96d-8cd5-405d-a391-caef9e16a897"/><Item uuid="6045ace4-b03f-4ea1-85bc-85720d205ed2" serviceid="c8d327c6-0379-4611-8e70-a5c675be43f9"/><Item uuid="1228d964-76bd-4d47-9e00-7560c589c6b1" serviceid="651e074b-e79a-4f53-b4c0-b0e5605a88aa"/><Item uuid="d38753ed-ac30-4f64-be96-01d45f8c2635" serviceid="da05c23f-3883-4e39-901a-b895fce19347"/><Item uuid="1151b9d6-9a77-4a87-8b1b-bde23341c726" serviceid="c786c2f0-ccc6-4fdc-95e1-bed3f30af45f"/><Item uuid="2fa90783-3ac9-40d6-b8cc-9c20caa502fe" serviceid="8f6c4ed8-6183-4518-a2fa-00f9b8b15912"/><Item uuid="76b9dd61-4746-4ba8-8246-bc4fc192a35f" serviceid="cebda22e-a2b9-45db-81e1-48b92582cb39"/><Item uuid="f8972f75-723a-4ce6-ab6f-77e44de2ad55" serviceid="d4c36289-87c7-4fc9-96ba-7bfdc1ff74ef"/><Item uuid="f61c7cd8-9150-4cef-a8aa-ae9dac4d7c95" serviceid="5a38fd43-86d1-4411-af20-96d447ca1ae7"/><Item uuid="6d2504b1-f6ec-4486-8af7-b39065c44bb3" serviceid="12b52663-1241-4303-95cb-a8c39c245600"/><Item uuid="d93e3aa3-8293-4196-bdc0-22ac9a17009b" serviceid="e3324277-8d3d-4ae4-ba43-f141d90f723f"/><Item uuid="4e94dc82-9550-43e3-a599-a5c0b4e43c8a" serviceid="4700e055-c1d5-4f2b-8fc0-1a08ceaaf9d0"/><Item uuid="4b757eb8-e8c2-4d3e-8bdf-cd4cb090fc6e" serviceid="904ea998-5cce-4e91-bf3e-e4f3cccd1e1a"/><Item uuid="5e1f7471-60d6-4629-bdb7-88d2040e70e3" serviceid="de7e0920-b4fb-45d9-9f37-e66e92ba25ae"/><Item uuid="0323e575-aff0-41d9-948e-e1ef11c0d364" serviceid="90196fd3-c996-4d17-870c-953d7cb697cc"/></Workspace></Workspaces><Messageservers><Messageserver uuid="4f95e227-4eeb-4219-9b33-a59f3230259a" name="BWP" host="10.72.2.50"/><Messageserver uuid="9bd7bddd-0701-4dc8-9e16-2b44019cec04" name="QAS" host="10.72.2.75"/></Messageservers><Services><Service type="SAPGUI" uuid="ebdeefe5-ed13-440e-85ac-b48f66055947" name="D) SAP BW - PRODUCTIVO" systemid="BWP" msid="4f95e227-4eeb-4219-9b33-a59f3230259a" server="GRP_BWP" sncop="-1" sapcpg="1100" dcpg="2"/><Service type="SAPGUI" uuid="be2857a8-11e0-45cd-bee6-efe63bc6824f" name="C) SAP ECC 6.0 - DESARROLLO" systemid="DEV" mode="1" server="sapdev02.alicorp.com.pe:3200" sncop="-1" sapcpg="1100" dcpg="2"/><Service type="SAPGUI" uuid="bb589079-b10f-42c3-8ca4-d42143869a62" name="V) SAP R/3 FINO - DESARROLLO" systemid="DE6" mode="1" server="10.80.104.15:3200" sncop="-1" sapcpg="1100" dcpg="2"/><Service type="SAPGUI" uuid="264196cc-02d0-4d9b-85d3-e6e60dc53b3d" name="Z) SAP ECC 6.0 - PRODUCTIVO (DBS)" systemid="PRD" mode="1" server="10.72.2.64:3200" sncop="-1" sapcpg="1100" dcpg="2"/><Service type="SAPGUI" uuid="2edaa96d-8cd5-405d-a391-caef9e16a897" name="B) SAP ECC 6.0 - CONTROL DE CALIDAD" systemid="QAS" msid="9bd7bddd-0701-4dc8-9e16-2b44019cec04" server="GRP_ALICORP" sncop="-1" sapcpg="1100" dcpg="2"><Memo xml:space="preserve">Jramosmed
Sistemas01</Memo></Service><Service type="SAPGUI" uuid="c8d327c6-0379-4611-8e70-a5c675be43f9" name="S) SAP SOLMAN 7.01 - DESARROLLO" systemid="SM0" mode="1" server="sapnwp16.alicorp.com.pe:3201" sncop="-1" sapcpg="1100" dcpg="2"/><Service type="SAPGUI" uuid="651e074b-e79a-4f53-b4c0-b0e5605a88aa" name="I) SAP Netweaver Dex - PRODUCTIVO" systemid="DEX" mode="1" server="sapnwp9.alicorp.com.pe:3200" sncop="-1" sapcpg="1100" dcpg="2"/><Service type="SAPGUI" uuid="da05c23f-3883-4e39-901a-b895fce19347" name="N) SAP ECC 6.0 ARGENTINA - PRODUCTIVO" systemid="PR1" mode="1" server="sapgrparg.alicorp.com.pe:3200" sncop="-1" sapcpg="1100" dcpg="2"/><Service type="SAPGUI" uuid="c786c2f0-ccc6-4fdc-95e1-bed3f30af45f" name="P)  SAP CRM - Desarrollo" systemid="CRD" mode="1" server="sapcrp01.alicorp.com.pe:3200" sncop="-1" sapcpg="1100" dcpg="2"/><Service type="SAPGUI" uuid="8f6c4ed8-6183-4518-a2fa-00f9b8b15912" name="O) SAP ECC 6.0 ARGENTINA - CONTROL DE CALIDAD" systemid="QA1" mode="1" server="sapr3p01.alicorp.com.pe:3200" sncop="-1" sapcpg="1100" dcpg="2"/><Service type="SAPGUI" uuid="cebda22e-a2b9-45db-81e1-48b92582cb39" name="E) SAP BW - DESARROLLO" systemid="BWD" mode="1" server="bwdev01.alicorp.com.pe:3200" wan="1" sapcpg="1100" dcpg="2"/><Service type="SAPGUI" uuid="d4c36289-87c7-4fc9-96ba-7bfdc1ff74ef" name="G) SAP SCM 7.0 - DESARROLLO" systemid="APD" mode="1" server="10.72.2.216:3200" sncop="-1" sapcpg="1100" dcpg="2"/><Service type="SAPGUI" uuid="5a38fd43-86d1-4411-af20-96d447ca1ae7" name="T) SAP R/3 FINO - PRODUCTIVO" systemid="PR6" mode="1" server="10.80.104.16:3200" sncop="-1" sapcpg="1100" dcpg="2"/><Service type="SAPGUI" uuid="12b52663-1241-4303-95cb-a8c39c245600" name="R) SOLMAN 7.01 - PRODUCTIVO" systemid="SM1" mode="1" server="sapnwp4:3201" sncop="-1" sapcpg="1100" dcpg="2"/><Service type="SAPGUI" uuid="e3324277-8d3d-4ae4-ba43-f141d90f723f" name="F) SAP SCM - PRODUCTIVO" systemid="APP" mode="1" server="apoprd01.alicorp.com.pe:3200" sncop="-1" sapcpg="1100" dcpg="2"/><Service type="SAPGUI" uuid="4700e055-c1d5-4f2b-8fc0-1a08ceaaf9d0" name="Q) SAP CRM - Productivo" systemid="CRD" mode="1" server="sapcrp02.alicorp.com.pe:3200" sncop="-1" sapcpg="1100" dcpg="2"/><Service type="SAPGUI" uuid="904ea998-5cce-4e91-bf3e-e4f3cccd1e1a" name="U) SAP R/3 FINO - CONTROL DE CALIDAD" systemid="QA6" mode="1" server="10.80.104.15:3201" sncop="-1" sapcpg="1100" dcpg="2"/><Service type="SAPGUI" uuid="de7e0920-b4fb-45d9-9f37-e66e92ba25ae" name="A) SAP ECC 6.0 - PRODUCTIVO PRD" systemid="PRD" mode="1" server="10.72.2.64:3200" sncop="-1" sapcpg="1100" dcpg="2"/><Service type="SAPGUI" uuid="90196fd3-c996-4d17-870c-953d7cb697cc" name="J) SAP Netweaver Dex - DESARROLLO" systemid="ND1" mode="1" server="sapnwp3.alicorp.com.pe:3201" sncop="-1" sapcpg="1100" dcpg="2"/></Services><Includes><Include url="file:///C:/Users/RTorresCo/AppData/Roaming/SAP/Common/SAPUILandscapeGlobal.xml" index="0"/></Includes></Landscape>
